<?xml version="1.0" encoding="UTF-8"?>
<project-private xmlns="http://www.netbeans.org/ns/project-private/1">
    <editor-bookmarks xmlns="http://www.netbeans.org/ns/editor-bookmarks/2" lastBookmarkId="0"/>
    <open-files xmlns="http://www.netbeans.org/ns/projectui-open-files/2">
        <group>
            <file>file:/C:/Users/whitb/OneDrive/Desktop/NetBeansProjects/Login2/src/login2/ToDo.java</file>
            <file>file:/C:/Users/whitb/OneDrive/Desktop/NetBeansProjects/Login2/test/login2/ToDoTest.java</file>
            <file>file:/C:/Users/whitb/OneDrive/Desktop/NetBeansProjects/Login2/src/login2/LoginPage.java</file>
        </group>
    </open-files>
</project-private>
